{"cameraMode":{"drawMode":0,"name":"Shaded","section":"Shading Mode"},"sceneLighting":true,"audioPlay":false,"sceneViewState":{"m_AlwaysRefresh":false,"showFog":true,"showSkybox":true,"showFlares":true,"showImageEffects":true,"showParticleSystems":true,"showVisualEffectGraphs":true,"m_FxEnabled":true},"in2DMode":false,"pivot":{"x":24.52438735961914,"y":5.871131896972656,"z":-3.155040740966797},"rotation":{"x":0.023760365322232248,"y":0.9461360573768616,"z":-0.07138814032077789,"w":0.3149058222770691},"size":12.461819648742676,"orthographic":false}