{"cameraMode":{"drawMode":0,"name":"Shaded","section":"Shading Mode"},"sceneLighting":true,"audioPlay":false,"sceneViewState":{"m_AlwaysRefresh":false,"showFog":true,"showSkybox":true,"showFlares":true,"showImageEffects":true,"showParticleSystems":true,"showVisualEffectGraphs":true,"m_FxEnabled":true},"in2DMode":false,"pivot":{"x":-38.014530181884769,"y":-2.5538439750671388,"z":-2.9540200233459474},"rotation":{"x":-0.008962687104940415,"y":0.9622898101806641,"z":-0.2707403898239136,"w":-0.03652315214276314},"size":5.322818279266357,"orthographic":false}